{
    "Aatrox" : {
        "q" : [
            {
                "base" : [56.25, 140.625, 225, 309.375, 393.75],
                "modifier" : {
                    "ad" : [3.09375, 3.375, 3.65625, 3.9375, 4.21875],
                    "ap" : [0, 0, 0, 0, 0]
                }
            }
            ],
        "w" : [
            {
                "base" : [60, 80, 100, 120, 140],
                "modifier" : {
                    "ad" : [0.80, 0.80, 0.80, 0.80, 0.80],
                    "ap" : [0, 0, 0, 0, 0]
                }
            }
        ],
        "e" : [
            {
                "base" : [0, 0, 0, 0, 0],
                "modifier" : {
                    "ad" : [0, 0, 0, 0, 0],
                    "ap" : [0, 0, 0, 0, 0]
                }
            }
        ],
        "r" : [
            {
                "base" : [0, 0, 0],
                "modifier" : {
                    "ad" : [0, 0, 0],
                    "ap" : [0, 0, 0]
                }
            }
        ]
    },
    "Ahri" : {
        "q" : [
            {
                "base" : [80, 130, 180, 230, 280],
                "modifier" : {
                    "ad" : [0, 0, 0, 0, 0],
                    "ap" : [0.35, 0.35, 0.35, 0.35, 0.35]
                }
            }
        ],
        "w" : [
            {
                "base" : [64, 104, 144, 184, 224],
                "modifier" : {
                    "ad" : [0, 0, 0, 0, 0],
                    "ap" : [0.48, 0.48, 0.48, 0.48, 0.48]
                }
            }
        ],
        "e" : [
            {
                "base" : [60, 90, 120, 150, 180],
                "modifier" : {
                    "ad" : [0, 0, 0, 0, 0],
                    "ap" : [0.40, 0.40, 0.40, 0.40, 0.40]
                }
            }
        ],
        "r" : [
            {
                "base" : [180, 270, 360],
                "modifier" : {
                    "ad" : [0, 0, 0],
                    "ap" : [1.05, 1.05, 1.05]
                }
            }
        ]
    },
    "Akali" : {
        "q" : [
            {
                "base" : [25, 50, 75, 100, 125],
                "modifier" : {
                    "ad" : [0.65, 0.65, 0.65, 0.65, 0.65],
                    "ap" : [0.50, 0.50, 0.50, 0.50, 0.50]
                }
            }
        ],
        "w" : [
            {
                "base" : [0, 0, 0, 0, 0],
                "modifier" : {
                    "ad" : [0, 0, 0, 0, 0],
                    "ap" : [0, 0, 0, 0, 0]
                }
            }
        ],
        "e" : [
            {
                "base" : [120, 185, 250, 315, 380 ],
                "modifier" : {
                    "ad" : [2.10, 2.10, 2.10, 2.10, 2.10],
                    "ap" : [0, 0, 0, 0, 0]
                }
            }
        ],
        "r" : [
            {
                "base" : [85, 150, 215],
                "modifier" : {
                    "ad" : [0.50, 0.50, 0.50],
                    "ap" : [0, 0, 0]
                }
            },
            {
                "base" : [85, 150, 215],
                "modifier" : {
                    "ad" : [0, 0, 0],
                    "ap" : [0.30, 0.30, 0.30]
                }
            }
        ]
    },
    "Alistar" : {
        "q" : [
            {
                "base" : [60, 105, 150, 195, 240],
                "modifier" : {
                    "ad" : [0, 0, 0, 0, 0],
                    "ap" : [0.50, 0.50, 0.50, 0.50, 0.50]
                }
            }
        ],
        "w" : [
            {
                "base" : [80, 110, 140, 170, 200],
                "modifier" : {
                    "ad" : [0, 0, 0, 0, 0],
                    "ap" : [0.40, 0.40, 0.40, 0.40, 0.40]
                }
            }
        ],
        "e" : [
            {
                "base" : [120, 185, 250, 315, 380],
                "modifier" : {
                    "ad" : [2.10, 2.10, 2.10, 2.10, 2.10],
                    "ap" : [0, 0, 0, 0, 0]
                }
            }
        ],
        "r" : [
            {
                "base" : [85, 150, 215],
                "modifier" : {
                    "ad" : [0.50, 0.50, 0.50],
                    "ap" : [0, 0, 0]
                }
            }
        ]
    },
    "Amumu" : {
        "q" : [
            {
                "base" : [80, 130, 180, 230, 280],
                "modifier" : {
                    "ad" : [0, 0, 0, 0, 0],
                    "ap" : [0.70, 0.70, 0.70, 0.70, 0.70]
                }
            }
        ],
        "w" : [
            {
                "base" : [5, 7.5, 10, 12.5, 15],
                "modifier" : {
                    "ad" : [0, 0, 0, 0, 0],
                    "ap" : [0, 0, 0, 0, 0]
                }
            }
        ],
        "e" : [
            {
                "base" : [75, 100, 125, 150, 175],
                "modifier" : {
                    "ad" : [0, 0, 0, 0, 0],
                    "ap" : [0.50, 0.50, 0.50, 0.50, 0.50]
                }
            }
        ],
        "r" : [
            {
                "base" : [150, 250, 350],
                "modifier" : {
                    "ad" : [0, 0, 0],
                    "ap" : [0.80, 0.80, 0.80]
                }
            }
        ]
    },
    "Anivia" : {
        "q" : [
            {
                "base" : [120, 170, 220, 270, 320],
                "modifier" : {
                    "ad" : [0, 0, 0, 0, 0],
                    "ap" : [0.90, 0.90, 0.90, 0.90, 0.90]
                }
            }
        ],
        "w" : [
            {
                "base" : [0, 0, 0, 0, 0],
                "modifier" : {
                    "ad" : [0, 0, 0, 0, 0],
                    "ap" : [0, 0, 0, 0, 0]
                }
            }
        ],
        "e" : [
            {
                "base" : [100, 150, 200, 250, 300],
                "modifier" : {
                    "ad" : [0, 0, 0, 0, 0],
                    "ap" : [1, 1, 1, 1, 1]
                }
            }
        ],
        "r" : [
            {
                "base" : [120, 180, 240],
                "modifier" : {
                    "ad" : [0, 0, 0],
                    "ap" : [0.375, 0.375, 0.375]
                }
            }
        ]
    },
    "Annie" : {
        "q" : [
            {
                "base" : [80, 115, 150, 185, 220],
                "modifier" : {
                    "ad" : [0, 0, 0, 0, 0],
                    "ap" : [0.80, 0.80, 0.80, 0.80, 0.80]
                }
            }
        ],
        "w" : [
            {
                "base" : [70, 115, 160, 205, 250],
                "modifier" : {
                    "ad" : [0, 0, 0, 0, 0],
                    "ap" : [0.85, 0.85, 0.85, 0.85, 0.85]
                }
            }
        ],
        "e" : [
            {
                "base" : [0, 0, 0, 0, 0],
                "modifier" : {
                    "ad" : [0, 0, 0, 0, 0],
                    "ap" : [0, 0, 0, 0, 0]
                }
            }
        ],
        "r" : [
            {
                "base" : [150, 275, 400],
                "modifier" : {
                    "ad" : [0, 0, 0],
                    "ap" : [0.65, 0.65, 0.65]
                }
            }
        ]
    },
    "Ashe" : {
        "q" : [
            {
                "base" : [0, 0, 0, 0, 0],
                "modifier" : {
                    "ad" : [0, 0, 0, 0, 0],
                    "ap" : [0, 0, 0, 0, 0]
                }
            }
        ],
        "w" : [
            {
                "base" : [20, 35, 50, 65, 80],
                "modifier" : {
                    "ad" : [1, 1, 1, 1, 1],
                    "ap" : [0, 0, 0, 0, 0]
                }
            }
        ],
        "e" : [
            {
                "base" : [0, 0, 0, 0, 0],
                "modifier" : {
                    "ad" : [0, 0, 0, 0, 0],
                    "ap" : [0, 0, 0, 0, 0]
                }
            }
        ],